type_of_reference,primary_title,authors,year,Doi
JOUR,????????? ??????? ? ???????? ????? ? ????????? ???????? ? ??????????? ???????? Non English1,"['????????, ??', '??????, ??', '????????, ??']",2025,
JOUR,????????? ??????? ??????????—?. ?. ?. Non English2,"['???????, ????? ??????????', '??????, ????? ??????????', '?????, ????? ??????????', '?????????, ????????? ?????????', '??????, ????? ????????????']",,
BOOK,??????????. ??????????? ??????? Non English3,"['???????????, ??????', '??????, ????????']",2022,
JOUR,??????????? ????????? ??????? ????? ? ??????? ?????? ?????????????? ?????????????? ??????????????????? (Radio frequency Echographic Multi-Spectrometry?REMS)  non English4? ????????? ???????? ???????? ? ???????????? ? ?????????? ????????????? ???????,"['????????, ??']",2025,
JOUR,“Silent Bone-loss”: Estimating Osteoporosis Risk among Postmenopausal Indian Women using a Self-assessment Tool,"['Katage, Goutami', 'Dhawale, Payal Vasant', 'Kamble, Aishwarya']",2025,
JOUR,12480 REMS Technology For The Bone Health Assessment After Hormonal Therapy In Transgender Subjects,"['Anna Lombardi, Fiorella', 'Russo, Antonino', 'Pisani, Paola', 'Stomaci, Chiara', 'Conversano, Francesco', 'Franchini, Roberto', 'Di Paola, Marco', 'Racanelli, Vito', 'Casciaro, Sergio']",2024,
JOUR,2 ????????????????????????? Non English 5,"['???', '???']",2025,
JOUR,A Case Report of Post-pregnancy osteoporosis monitoring by means of REMS Technology,"['Lombardi, FA', 'Conversano, PP', 'Muratore, F', 'Di Paola, M']",2023,
JOUR,A case showing a new diagnostic aspect of the application of radiofrequency echographic multi-spectrometry (REMS),"['Kirilov, Nikola', 'Bischoff, Fabian', 'Vladeva, Stoyanka', 'Bischoff, Elena']",2023,
JOUR,A comparison between IBEX bone health applied to digital radiographs and dual-energy X-ray absorptiometry at the distal-third and ultra-distal regions of the radius,"['Lopez, Ben', 'Meertens, Robert', 'Gundry, Mike', 'Scott, Paul', 'Crone, Mr Ben', 'McWilliam, Richard']",2024,
JOUR,A novel quantitative method for estimating bone mineral density using B-mode ultrasound and radiofrequency signals-a pilot study on patients with rheumatoid arthritis,"['Bojinc?, Violeta-Claudia', 'Popescu, Claudiu C', 'Decianu, Raluca-Daniela', 'Dobrescu, Andrei', 'B?l?nescu, ?erban Mihai', 'B?l?nescu, Andra-Rodica', 'Bojinc?, Mihai']",2019,
JOUR,A REMS scan-based report on relation between body mass index and osteoporosis in urban population of medan at royal prima hospital,"['Khu, Adrian', 'Sumardi, Michael']",2020,
JOUR,AB0297 MULTIVARIATE REGRESSION ANALYSIS OF RISK FACTORS FOR HIGH RADIOFREQUENCY ECHOGRAPHIC MULTISPECTROMETRY (REMS)-BASED FRAGILITY SCORE OF THE LUMBAR SPINE,"['Bischoff, E', 'Bischoff, F', 'Vladeva, S', 'Kovachev, M', 'Kinov, P']",2024,
JOUR,AB0298 ASSESSMENT OF THE HIP FRAGILITY SCORE WITH RADIOFREQUENCY ECHOGRAPHIC MULTISPECTROMETRY (REMS) OF FRACTURED AND NON-FRACTURED WOMEN,"['Bischoff, F', 'Vladeva, S']",2024,
JOUR,AB0299 COMPARING SARC-F VERSUS DEXA FOR SARCOPENIA ASSESSMENT IN PATIENTS WITH RHEUMATOID ARTHRITIS AND INTERMEDIATE/HIGH FRACTURE RISK,"['Rodriguez-Flores, AG', 'Bardan-Inchaustegui, AC', 'Carrazco-Chapa, A', 'Rodriguez-Orozco, G', 'Cervantes-Charles, GJ', 'Sanchez-Fonseca, AP', 'Skinner-Taylor, CM', 'Negrete-Lopez, R', 'Cardenas-de la Garza, JA', 'Galarza-Delgado, DA']",2024,
JOUR,AB0304 BONE DENSITY IN RHEUMATOID ARTHRITIS ASSESSED BY RADIOFREQUENCY ECHOGRAPHIC MULTISPECTROMETRY: HOW FREQUENT ARE OSTEOPENIA AND OSTEOPOROSIS?,"['Icatoiu, E', 'Cobilinschi, C', 'B?l?nescu, A', 'Bojinca, V']",2024,
JOUR,AB0305 BONE HEALTH STATUS ASSESSMENT IN KIDNEY TRANSPLANT RECIPIENTS PATIENTS (KTR) FRACTURED AND NON-FRACTURED BY MEANS DXA AND REMS TECHNOLOGIES,"['Fassio, A', 'Adami, G', 'Benini, C', 'Dartizio, C', 'Gatti, D', 'Gatti, M', 'Stomaci, C', 'Contaldo, FR', 'Andreola, S', 'Ferraro, PM']",2024,
JOUR,AB0306 IS THERE AN ASSOCIATION BETWEEN BONE MINERAL DENSITY AND ORAL HYGIENE IN RHEUMATOID ARTHRITIS PATIENTS?,"['Loukil, S', 'Makhlouf, Y', 'Miladi, S', 'Fazaa, A', 'Boussaa, H', 'Souabni, L', 'Ouennich, K', 'Kassab, S', 'Chekili, S', 'Benabdelghani, K']",2024,
JOUR,"AB0608 BONE MINERAL DENSITY, VITAMIN D STATUS AND BONE METABOLISM IN A COHORT OF ADULT PATIENTS WITH INFLAMMATORY BOWEL DISEASE","['Fernandes, BM', 'Bernardes, M', 'Gonçalves, DR', 'Magro, F', 'Costa, L']",2021,
JOUR,Ab0609 radiofrequency echographic multi-spectrometry for the assessment of both femora in pregnant women,"['Kirilova, E', 'Kirilov, N', 'Vladeva, S']",2021,
JOUR,AB0610 NORMOCALCAEMIC HYPERPARATHYROIDISM AND BONE HEALTH–WORSE THAN ANTICIPATED?,"['Masieh, D', 'Deshpande, S', 'Nisar, MK']",2021,
JOUR,AB0838 comparison of the characteristics of the osteoporotic patients with and without rheumatoid arthritis through radiofrequency echographic multi spectrometry,"['Kirilova, Elena', 'Kirilov, Nikola', 'Vladeva, Stoyanka']",2019,
JOUR,AB0839 ASSOCIATION BETWEEN BODY FAT AND BONE MINERAL DENSITY IN POSTMENOPAUSAL WOMEN THROUGH RADIOFREQUENCY ECHOGRAPHIC MULTI SPECTROMETRY,"['Kirilova, Elena', 'Kirilov, Nikola', 'Vladeva, Stoyanka']",2019,
JOUR,AB0840 SCREENING FOR OSTEOPOROSIS IN AN AMBULATORY AND HOSPITALIZED POPULATION: A 6-YEAR EXPERIENCE IN A UNIVERSITY HOSPITAL,"['Malaise, Olivier', 'Detroz, Marie', 'Leroy, Mathieu', 'Leonori, Lorenzo', 'Seidel, Laurence', 'Malaise, Michel']",2019,
JOUR,AB0841 PROSPECTIVE STUDY OF BONE METABOLISM AND FRACTURE INCIDENCE IN SPINAL CORD INJURY PATIENTS DURING A PERIOD OF 24 MONTHS,"['Cordellat, Isabel Martínez', 'Cortés, Jose Ivorra', 'Collados, Fátima Torralba', 'Castellote, Carmen Grao', 'Escandell, Cristina Alcañiz', 'Verdejo, Inmaculada Chalmeta', 'De la Rubia Navarro, Marta', 'Fragio-Gil, Jorge Juan', 'Mazario, Roxana Gonzalez', 'Puig, Luis Gonzalez']",2019,
JOUR,AB1015 SUSTAINED SYNERGISTIC EFFECT ON BONE MINERAL DENSITY TREND WITH SHORT TERM COMBINATION OF TERIPARATIDE AND DENOSUMAB FOLLOWED BY DENOSUMAB ALONE IN POSTMENOPAUSAL WOMEN-A SINGLE INDIAN CENTRE EXPERIENCE.,"['Aggarwal, AK', 'Aggarwal, N', 'Sharma, H']",2022,
JOUR,AB1016 ROMOSOZUMAB AS A TREATMENT FOR OSTEOPOROSIS: PREDICTORS OF EFFICACY AT 12 MONTHS,"['Hirano, Y', 'Ono, Y']",2022,
JOUR,"AB1034 FRACTURE RISK BY FRAX WITH AND WITHOUT BONE MINERAL DENSITY, COMPARISON OF FACTORS AFFECTING CONCORDANCE","['Negrete, AY Lujano', 'Taylor, CM Skinner', 'Barbosa, L Pérez', 'Rodriguez-Ruiz, MC', 'Aguilar-Leal, A', 'Banuelos, LG Espinosa', 'Cárdenas, A', 'Galarza-Delgado, DÁ']",2022,
JOUR,Ability of radiofrequency echographic multispectrometry to identify osteoporosis status in elderly women with type 2 diabetes,"['Caffarelli, Carla', 'Tomai Pitinca, Maria Dea', 'Al Refaie, Antonella', 'Ceccarelli, Elena', 'Gonnelli, Stefano']",2022,
JOUR,ABS0905 ULTRASONOGRAPHIC EVALUATION OF TENDON INVOLVEMENT IN SECONDARY HYPERPARATHYROIDISM IN CHRONIC HEMODIALYSIS PATIENTS,"['Layachi, Y', 'Tidrarine, S', 'Bighouab, H', 'Kada, S', 'Ahbibi, S', 'Chakhmane, R', 'Benabdelmalek, N', 'Rachidi, S', 'Raja, A', 'Kahaji, B']",2025,
JOUR,ABS1128 DRUG SURVIVAL AND ADHERENCE OF BIOLOGICS AND TARGETED SYNTHETIC DISEASE-MODIFYING AGENTS AMONG PATIENTS WITH ANKYLOSING SPONDYLITIS-A REAL-WORLD STUDY,"['Magrey, M', 'Murphy, JE']",2025,
JOUR,ABS1134 FRAGILITY SCORE IN RADIOGRAPHIC AXIAL SPONDYLOARTHRITIS ASSESSED WITH RADIOFREQUENCY ECHOGRAPHIC MULTI-SPECTROMETRY (REMS),"['Bischoff, E', 'Kirilov, N', 'Baraliakos, X']",2025,
JOUR,ABS1141 ULTRASONOGRAPHIC EVALUATION OF THORACOLUMBAR FASCIA MORPHOLOGY IN AXIAL SPONDYLOARTHROPATHY AND CONTROLS: A PILOT STUDY WITH CLINICAL ASSESSMENT OF MYOFASCIAL TRIGGER POINTS,"['Sidzhimli, Y', 'Güne?, S', 'Kahveci, A', 'Gökmen, D', 'Ataman, ?']",2025,
JOUR,Advanced Prediction of Recurrent Fragility Fractures Using Large Language Models,"['Alshraideh, Mohammad', 'Al-Dhaqm, Arafat', 'Alshammari, Ahmad', 'Alshraideh, Abedalrahman', 'Alshraideh, Bahaaldeen', 'Alfayoumi, Bayan', 'Nasser, Maged']",2025,
JOUR,Advancement in the treatment of osteoporosis and the effects on bone healing,"['Kushchayeva, Yevgeniya', 'Pestun, Iryna', 'Kushchayev, Sergiy', 'Radzikhovska, Nataliia', 'Lewiecki, E Michael']",2022,
JOUR,Advances in Clinical Application of Bone Mineral Density and Bone Turnover Markers,"['Li, Junyan', 'Yuan, Niuniu', 'Wang, Huizhen', 'Qingzhong, Wang']",2022,
JOUR,Advances in imaging examination of bone density and bone quality,"['Li, Junyan', 'She, BiYan', 'He, MingLi', 'Yuan, Chuyue', 'Li, Na']",2025,
JOUR,Advances in the management of osteoporosis,"['Hoong, Caroline Wei Shan', 'Saul, Dominik', 'Khosla, Sundeep', 'Sfeir, Jad G']",2025,
CONF,Advancing Imminent Fracture Risk Prediction: Integrating Machine Learning with Enhanced Feature Engineering,"['Maghsoudimehrabani, Mohammad', 'Sykes, Edward R']",2025,
JOUR,"Age, body composition parameters and glycaemic control contribute to trabecular bone score deterioration in acromegaly more than disease activity","['Ságová, Ivana', 'Moká?, Marián', 'Tonhajzerová, Ingrid', 'Ron?áková, Marianna', 'Va?uga, Peter']",2023,
JOUR,An evaluation of a training tool and study day in chest image interpretation,"['McLaughlin, Laura', 'Johnstone, Graham', 'Nesbitt, Linda', 'McFadden, Sonyia L', 'Hughes, Ciara', 'Bond, Raymond', 'McConnell, Jonathan']",2022,
JOUR,An investigation of a novel method for the diagnosis of osteoporosis using quantitative ultrasound,"['Asiri, M']",2025,
JOUR,An observational study of the radiofrequency echographic multi-spectrometry (REMS)-based fragility score of the lumbar spine and total fracture risk at 5 years in women,"['Vladeva, Stoyanka', 'Bischoff, Elena', 'Kirilov, Nikola', 'Bischoff, Fabian', 'Batalov, Zguro', 'Batalov, Anastas']",2023,
JOUR,ANALYSIS OF DUAL-ENERGY X-RAY ABSORPTIOMETRY IMAGES USING COMPUTER VISION METHODS.,"['Kirilov, N']",2020,
JOUR,Approach to premenopausal osteoporosis,"['Agarwal, Khushboo', 'Nagendra, Lakshmi', 'Bhattacharya, Saptarshi']",2025,
CONF,Assertion of low bone mass in osteoporotic X-ray images using deep learning technique,"['Amiya, Gautam', 'Ramaraj, Kottaimalai', 'Murugan, Pallikonda Rajasekaran', 'Govindaraj, Vishnuvarthanan', 'Vasudevan, Muneeswaran', 'Thiyagarajan, Arunprasath']",2022,
JOUR,Assessing osteopenia and osteoporosis with dual-energy x-ray absorptiometry studies in Fabry disease,"['Shmara, Alyaa', 'Lee, Grace', 'Mgdsyan, Mania', 'Hall, Kathy', 'Sadri, Nadia', 'Martin-Rios, Angela', 'Valentine, Kelsey', 'Kain, Tatiana', 'Pahl, Madeleine', 'Polgreen, Lynda E']",2025,
JOUR,Assessment of bone health in pregnancy,"['Degennaro, Valentina Anna', 'Brandi, Maria Luisa', 'Cagninelli, Greta', 'Casciaro, Sergio', 'Celora, Gabriella Maria', 'Conversano, Francesco', 'Lombardi, Fiorella A', 'Pisani, Paola', 'Ghi, Tullio']",2024,
JOUR,Assessment of fracture risk through Radiofrequency Echographic Multi Spectrometry (REMS) based bone mineral density,"['Kirilova, Elena', 'Kirilov, Nikola', 'Popov, Iliya']",2019,
JOUR,"Assessment of Osteoporosis Markers among Post-Menopausal Women at Sabratha Teaching Hospital, Western Libya","['Mohamed, Siddig Bushra', 'Elmahdi, Salih', 'Abdrabo, Abdelkarim', 'Almarnagi, Shaima', 'Rahoma, Aheid', 'Shuhan, Muna']",2025,
JOUR,Association Between Mandibular Cortical Erosion and Bone Mineral Density Assessed by Phalangeal Ultrasound and Dual Energy X-Ray Absorptiometry in Spanish Women,"['Canal-Macías, Maria L', 'Vera-Rodríguez, Vicente', 'Leal-Hernández, Olga', 'Calderón-García, Julián Fernando', 'Roncero-Martín, Raúl', 'García-Blázquez, Francisco', 'Rico-Martín, Sergio', 'López-Espuela, Fidel', 'Morán, José M', 'Fabregat-Fernández, Juan']",2025,
JOUR,Attended posters,"[""Hall, O'Reilly"", 'Akilapa, Rhoda', 'Matthew, Jacqueline', 'Carmichael, Jim', 'Rutherford, Mary', 'Mansour, Sahar', 'Ashraf, Tazeen', 'Irving, Melita']",,
JOUR,Avaliação da osteoporose nos cuidados de saúde primários,"['Vieira, Ana Isabel Saraiva']",2024,
JOUR,"Axial Skeletal Assessment in Osteoporosis Using Radiofrequency Echographic Multi-spectrometry: Diagnostic Performance, Clinical Utility, and Future Directions","[""As' ad, Mohammed""]",2025,
JOUR,Barriers and solutions for global access to osteoporosis management: a Position Paper from the International Osteoporosis Foundation,"['Harvey, Nicholas C', 'Al-Daghri, Nasser', 'Beaudart, Charlotte', 'Brandi, Maria Luisa', 'Burlet, Nansa', 'Campusano, Claudia', 'Cavalier, Etienne', 'Chandran, Manju', 'Cooper, Cyrus', 'Dawson-Hughes, Bess']",2025,
JOUR,Bi-Directional Axial Transmission measurements applied in a clinical environment,"['Minonzio, Jean-Gabriel', 'Ramiandrisoa, Donatien', 'Schneider, Johannes', 'Kohut, Eva', 'Streichhahn, Melanie', 'Stervbo, Ulrik', 'Wirth, Rainer', 'Westhoff, Timm Henning', 'Raum, Kay', 'Babel, Nina']",2022,
GEN,Bone densitometer providing assessment of absolute fracture risk,"['Faulkner, Kenneth G', 'Barden, Howard Stavers']",2004/05/25/,
JOUR,Bone densitometry by radiofrequency echographic multi-spectrometry (REMS) in acromegaly patients,"['Rolla, Ma?gorzata', 'Halupczok-?y?a, Jowita', 'Jawiarczyk-Przyby?owska, Aleksandra', 'Bolanowski, Marek']",2020,
CONF,Bone densitometry by radiofrequency echographic multi-spectrometry (REMS) in the diagnosis of osteoporosis,"['Iwaszkiewicz, Cezary', 'Leszczy?ski, Piotr']",2019,
JOUR,Bone fracture in rett syndrome: mechanisms and prevention strategies,"['Caffarelli, Carla', 'Al Refaie, Antonella', 'Mondillo, Caterina', 'De Vita, Michela', 'Baldassini, Leonardo', 'Valacchi, Giuseppe', 'Gonnelli, Stefano']",2023,
JOUR,Bone Health for Gynaecologists,"['Yordanov, Angel', 'Vasileva-Slaveva, Mariela', 'Tsoneva, Eva', 'Kostov, Stoyan', 'Yanachkova, Vesselina']",2025,
JOUR,Bone health risk assessment in a clinical setting: an evaluation of a new screening tool for active populations,"['Keay, Nicola', 'Francis, Gavin', 'Hind, Karen']",2020,
JOUR,Bone mineral content estimation in people living with HIV: Prediction and validation of sex-specific anthropometric models,"['Correia, Igor Massari', 'Navarro, Anderson Marliere', 'Corrêa Cordeiro, Jéssica Fernanda', 'Gomide, Euripedes Barsanulfo Gonçalves', 'Mazzonetto, Lisa Fernanda', 'de Sousa Oliveira, Alcivandro', 'Sebastião, Emerson', 'Aguilar, Bruno Augusto', 'de Andrade, Denise', 'Machado, Dalmo Roberto Lopes']",2022,
JOUR,Bone mineral density assessment using radiofrequency echographic multispectrometry (REMS) in patients before and after total hip replacement,"['Bobelyak, Maryan', 'Vaculik, Jan', 'Stepan, Jan J']",2025,
JOUR,Bone mineral density of lumbar spine and femoral neck assessed by novel echographic approach-Radiofrequency Echographic Multi Spectrometry (REMS),"['Kirilova, Elena', 'Kirilov, Nikola', 'Popov, Iliya', 'Vladeva, Stoyanka']",2019,
JOUR,Bone quality in endocrine diseases: determinants and clinical relevance,"['Cianferotti, L', 'Cipriani, C', 'Corbetta, S', 'Corona, G', 'Defeudis, G', 'Lania, AG', 'Messina, C', 'Napoli, N', 'Mazziotti, G']",2023,
JOUR,Challenges and opportunities for quality densitometry in Latin America,"['Maeda, Sergio Setsuo', 'LLibre, Ramiro Da Silva', 'Arantes, Henrique Pierotti', 'de Souza, Guilherme Cardenaz', 'Molina, Francisco Fidencio Cons', 'Wiluzanski, Diana', 'Taborda, Jorge Antonio Cedeño', 'Montaño, Claudia Campusano', 'Vargas, Tatiana Maida', 'Lopez, Guillermo Luis Feldmann']",2021,
JOUR,Challenges in assessing bone health in early infancy: a narrative review of existing technologies,"['Pepe, Giorgia', 'Morabito, Letteria Anna', 'Corica, Domenico', 'Aversa, Tommaso', 'Beretta, Virginia', 'Scarpa, Elena', 'Petrolini, Chiara', ""Dall'Asta, Andrea"", 'Grassi, Federica', 'Shulhai, Anna-Mariia']",2025,
JOUR,Change in quantitative ultrasound-assessed speed of sound as a function of age in women and men and association with the use of antiresorptive agents: The Canadian Multicentre Osteoporosis Study,"['Olszynski, Wojciech P', 'Davison, K Shawn', 'Adachi, Jonathan D', 'Brown, Jacques P', 'Hanley, David A']",2020,
GEN,Changing Concepts in Osteoporosis Management and their Relevance to India,"['Mithal, Ambrish']",2025,
CONF,Classification of hip fragility fractures in older adults using an ultrasonic device,"['Rojo, Francisca', 'Martinez, Ricardo', 'Martinez, Alejandro', 'Espinoza, Cristina', 'Cristi-Montero, Carlos', 'Garcia, Viviana', 'López, Pedro', 'Dinamarca-Montecinos, José Luis', 'Minonzio, Jean-Gabriel']",2023,
JOUR,Clinical application of radiofrequency echographic multi-spectrometry (REMS) for diagnosis and follow-up in several rare bone disorders: a case series,"['Caffarelli, Carla', 'Mondillo, Caterina', 'Versienti, Alessandro', 'Gonnelli, Sara', 'Cavati, Guido', 'Tomai Pitinca, Maria Dea', 'Gonnelli, Stefano', 'Al Refaie, Antonella']",2025,
JOUR,Clinical devices for bone assessment,"['Raum, Kay', 'Laugier, Pascal']",2022,
JOUR,Combining OSTA and BMR to predict osteoporosis in Chinese population,"['Zhao, Jiaxin', 'Wang, Yulin', 'Wang, Shuo', 'Guo, Qin', 'Wang, Wei', 'Song, Jidong']",2024,
JOUR,COMPARATIVE ANALYSIS OF OSTEOPOROSIS PREVALENCE IN PREMENOPAUSAL AND POSTMENOPAUSAL WOMEN USING DEXA SCAN,"['Verma, Abhyuday', 'Verma, Deepika', 'Gupta, Ajay', 'Agarwal, Parag', 'Bhangdiya, Rohit', 'Sharma, Girish', 'Dhakal, Deepak', 'Malik, Divyansh']",2025,
JOUR,Comparative diagnostic performance of dual-energy X-ray absorptiometry and other radiological modalities in osteoporosis detection: a systematic review,"['Wali, Muwaffaq F', 'Hariri, Osama Adnan', 'Alotiabi, Rasha E', 'Waked, Badr K', 'Almudayni, Najla M', 'Khashab, Faisal M', 'Alshahrani, Batool A', 'Aljaaly, Khalid M', 'Alzahrani, Abdulrahman O', 'Wally, Siraj Fahad']",2025,
JOUR,"concepts in the care of patients with osteoporosis, parathyroid disorders, and rare bone diseases","['Lewiecki, E Michael', 'Adler, Robert A', 'Anderson, Paul A', 'Bilezikian, John P', 'Dempster, David W', 'Fazeli, Pouneh K', 'McClung, Michael R', 'Rush, Eric T', 'Swanson, Christine M', 'Tanner, S Bobo']",2025,
CHAP,Conservative treatment of degenerative lumbar scoliosis,"['Ng, Shu Yan']",2019,
JOUR,Construction and Verification of Osteoporosis Diagnostic Model: An Optimized Multi-Channel Residual Neural Network Based on the Radial Radio Frequency Signal,"['Wu, Jionglin', 'Xia, Chunmei', 'Li, Changchuan', 'Lei, Baiying', 'Chen, Zhong', 'Li, Shixun', 'Liu, Haoxian', 'Zhang, Qi', 'Chen, Xiaoyi', 'Ma, Teng']",,
JOUR,Correlation between serum vitamin D levels and bone mass density evaluated by radiofrequency echographic multi-spectrometry technology (REMS) in menopausal women,"['Siregar, M Fidel G', 'Jabbar, Feisal', 'Effendi, Iman H', 'Alhair, Tanzil', 'Prabudi, M Oky', 'Faradina, Dwi']",2024,
JOUR,Cortical pore size distribution and viscoelastic tibia properties discriminate fragility fractures independent of bone mineral density,"['Raum, Kay', 'Armbrecht, Gabriele', 'Minh, Huong', 'Massmann, Jonas']",2021,
JOUR,Cost-effectiveness of opportunistic osteoporosis screening using chest radiographs with deep learning in Germany,"['Reginster, Jean-Yves', 'Schmidmaier, Ralf', 'Alokail, Majed', 'Hiligsmann, Mickael']",2025,
JOUR,Cost-effectiveness of opportunistic osteoporosis screening using chest radiographs with deep learning in the United States,"['Hiligsmann, Mickael', 'Silverman, Stuart L', 'Reginster, Jean-Yves']",2025,
JOUR,Cost-minimization analysis to support the HTA of Radiofrequency Echographic Multi Spectrometry (REMS) in the diagnosis of osteoporosis,"['Borsoi, Ludovica', 'Armeni, Patrizio', 'Brandi, Maria Luisa']",2023,
JOUR,Could Radiofrequency Echographic Multi?Spectrometry (REMS) Overcome the Limitations of BMD by DXA Related to Artifacts? A Series of 3 Cases,"['Tomai Pitinca, Maria Dea', 'Fortini, Pietro', 'Gonnelli, Stefano', 'Caffarelli, Carla']",2021,
JOUR,Could radiofrequency echographic multispectrometry (REMS) overcome the overestimation in BMD by dual-energy X-ray absorptiometry (DXA) at the lumbar spine?,"['Caffarelli, Carla', 'Tomai Pitinca, Maria Dea', 'Al Refaie, Antonella', 'De Vita, Michela', 'Catapano, Simone', 'Gonnelli, Stefano']",2022,
JOUR,Current and future perspectives on pregnancy and lactation-associated osteoporosis,"['Gak, Nataliya', 'Abbara, Ali', 'Dhillo, Waljit S', 'Keen, Richard', 'Comninos, Alexander N']",2024,
JOUR,Current Applications and Development of Radiomics in Osteoporosis: A Narrative Review,"['Liu, Shuyu', 'Gong, He', 'Shi, Peipei', 'Li, Chenchen', 'Zhang, Qi', 'Zhang, Jinming']",2025,
JOUR,"Current Concepts in the Care of Patients with Osteoporosis, Parathyroid Disorders, and Rare Bone Diseases","['Lewiecki, E Michael', 'Adler, Robert A', 'Anderson, Paul A', 'Bilezikian, John P', 'Dempster, David W', 'Fazeli, Pouneh K', 'McClung, Michael R', 'Rush, Eric T', 'Swanson, Christine M', 'Tanner, S Bobo']",,
JOUR,Deep Learning Model for Osteoporosis Screening From Chest Radiographs: A Multicenter Analysis of External Robustness and Model Calibration,"['Imoto, Yuichi', 'Inui, Takahiro', 'Matsui, Kentaro', 'Watanabe, Yoshinobu', 'Igari, Takashi', 'Takeuchi, Shu', 'Kimura, Mana', 'Yagi, Satoshi', 'Kawano, Hirotaka']",2025,
JOUR,Degenerative Lumbar Scoliosis,"['Ng, Shu Yan']",2021,
JOUR,"Densitometría con tecnología de REMS como prueba diagnóstica para la salud ósea en el puerperio en el Hospital de Gineco Obstetricia no. 4"" Luis Castelazo Ayala""","['Benítez Cajica, Celina']",2024,
JOUR,DENSITOMETRIA OSSEA MOC REMS,"['REMS, DENSITOMETRIA OSSEA MOC']",,
JOUR,Development of an opportunistic diagnostic prediction algorithm for osteoporosis and fragility fracture risk estimates from forearm radiographs (The OFFER1 Study),"['Meertens, Robert', 'Lopez, Ben', 'Crone, Ben', 'Gundry, Mike', 'Metcalfe-Smith, Emma', 'Gibbard, Warren', 'Jubb, Thomas', 'Manning, Fay', 'Scott, Paul', 'McWilliam, Richard']",2024,
JOUR,Diabetes-Induced Osteoporosis: Dual Energy X-Ray Absorptiometry Bone Quality Is Better than Bone Quantity,"['Frara, Stefano', 'Messina, Carmelo', 'Ulivieri, Fabio Massimo']",2025,
JOUR,Diagnosing Osteoporosis in Postmenopausal Females Using Machine Learning and AdaBoostM1 Algorithm Based on Bone Mineral Density,"['Jabbar, Sohail', 'Ahmad, Awais', 'Tariq, Saba']",2024,
JOUR,Diagnosis and therapeutic approach to bone health in patients with hypopituitarism,"['Kuliczkowska-P?aksej, Justyna', 'Zdrojowy-We?na, Aleksandra', 'Jawiarczyk-Przyby?owska, Aleksandra', 'Gojny, ?ukasz', 'Bolanowski, Marek']",2024,""""""
JOUR,Diagnostic agreement between radiofrequency echographic multispectrometry and dual-energy X-ray absorptiometry in the assessment of osteoporosis in a Polish group of patients,"['Nowakowska-P?aza, Anna', 'Wro?ski, Jakub', 'P?aza, Mateusz', 'Sudo?-Szopi?ska, Iwona', 'G?uszko, Piotr']",2021,
JOUR,"Diagnostic, treatment, and follow-up of osteoporosis—position statement of the Latin American Federation of Endocrinology","['Gómez, O', 'Talero, AP', 'Zanchetta, MB', 'Madeira, M', 'Moreira, CA', 'Campusano, C', 'Orjuela, AM', 'Cerdas P, S', 'de la Peña-Rodríguez, MP', 'Reza, AA']",2021,
JOUR,Does radiofrequency echographic multi-spectrometry (REMS) perform similarly to dual-energy X-ray absorptiometry (DXA) in terms of trabecular bone score (TBS) and FRAX?,"['Amorim, Débora Meira Ramos', 'Sakane, Eliane Naomi', 'Maeda, Sergio Setsuo', 'Lazaretti-Castro, Marise']",2025,
JOUR,DXA beyond bone mineral density and the REMS technique: New insights for current radiologists practice,"['Messina, Carmelo', 'Fusco, Stefano', 'Gazzotti, Silvia', 'Albano, Domenico', 'Bonaccorsi, Gloria', 'Guglielmi, Giuseppe', 'Bazzocchi, Alberto']",2024,
JOUR,Efecto del embarazo y puerperio en la densidad mineral ósea evaluada con densitometría tipo REMS,"['Mata Álvarez, María Fernanda']",2021,
JOUR,"Effect of the body mass index, basal metabolic rate, and body fat on the radiofrequency echographic multi-spectrometry (REMS)-based bone mineral density and fracture risk: a cross-sectional study","['Kirilov, Nikola', 'Vladeva, Stoyanka', 'Bischoff, Fabian', 'Batalov, Zguro', 'Batalov, Anastas', 'Bischoff, Elena']",2023,
JOUR,EndoCompass project: research roadmap for calcium and bone endocrinology,"['Jähn-Rickert, Katharina', 'Zibar Tomši?, Karin', 'Anastasilakis, Athanasios D', 'Bertocchio, Jean-Philippe', 'Brandi, Maria Luisa', 'Fassnacht, Martin', 'Cheung, Moira Shang-Mei', 'Gevers, Evelien', 'Gittoes, Neil', 'Mäkitie, Outi']",2025,
JOUR,Estimated bone mineral density at delivery and one month postpartum using radiofrequency echographic multi-spectrometry,"['Sho, Shintaro', 'Kasuga, Yoshifumi', 'Tanaka, Yuya', 'Otani, Toshimitsu', 'Ikenoue, Satoru', 'Yokota, Megumi', 'Ohashi, Yuki', 'Iwata, Takashi', 'Yamagami, Wataru', 'Tanaka, Mamoru']",2025,
JOUR,Evaluation of bone fragility in cognitively or physically impaired elderly care home patients using radiofrequency echographic multi-spectrometry,"['Ishizu, Hotaka', 'Shimizu, Tomohiro', 'Shimizu, Yuko', 'Miyamoto, Moritaka', 'Iwasaki, Norimasa']",2025,
JOUR,Evaluation of fragility fracture risk using deep learning based on ultrasound radio frequency signal,"['Luo, Wenqiang', 'Wu, Jionglin', 'Chen, Zhiwei', 'Guo, Peidong', 'Zhang, Qi', 'Lei, Baiying', 'Chen, Zhong', 'Li, Shixun', 'Li, Changchuan', 'Liu, Haoxian']",2024,
JOUR,Evaluation of the bone mineral density in the Mexican female population using the Radiofrequency Echographic Multi Spectrometry (REMS) technology,"['Sergio, Rosales-Ortiz', 'Nayelli, Rivera García Elaín']",2022,
JOUR,Femoral Fracture in Pregnancy: A Case Report and Review of Data from the Literature,"['Tîrnovanu, ?tefan-Drago?', 'Cojocaru, Elena', 'Veliceasa, Bogdan', 'Forna, Norin', 'Carp, Adrian-Claudiu', 'Puha, Bogdan', 'Filip, Alexandru', 'Dmour, Awad', 'Popescu, Drago?-Cristian', 'Alexa, Ovidiu']",2025,
JOUR,First assessment of bone mineral density in healthy pregnant women by means of Radiofrequency Echographic Multi Spectrometry (REMS) technology,"['Degennaro, Valentina Anna', 'Brandi, Maria Luisa', 'Cagninelli, Greta', 'Casciaro, Sergio', 'Ciardo, Delia', 'Conversano, Francesco', 'Di Pasquo, Elvira', 'Gonnelli, Stefano', 'Lombardi, Fiorella Anna', 'Pisani, Paola']",2021,
JOUR,Fragility Score: A REMS-based indicator for the prediction of incident fragility fractures at 5 years,"['Pisani, Paola', 'Conversano, Francesco', 'Muratore, Maurizio', 'Adami, Giovanni', 'Brandi, Maria Luisa', 'Caffarelli, Carla', 'Casciaro, Ernesto', 'Di Paola, Marco', 'Franchini, Roberto', 'Gatti, Davide']",2023,
JOUR,"FRI0464B EFFECT OF FILGOTINIB ON PATIENT-REPORTED OUTCOMES IN ACTIVE PSORIATIC ARTHRITIS: RESULTS FROM EQUATOR, A RANDOMIZED, PHASE 2 STUDY","['Coates, Laura C', 'Mease, Philip J', 'Gladman, Dafna D', 'van den Bosch, Filip', 'Tasset, Chantal', 'Meuleners, Luc', 'Besuyen, Robin', 'Gao, Jingjing', 'Trivedi, Mona', 'Hendrikx, Thijs']",2019,
JOUR,FRI0465 PREDICTION OF INCIDENT FRAGILITY FRACTURES THROUGH RADIOFREQUENCY ECHOGRAPHIC MULTI SPECTROMETRY (REMS),"['Adami, Giovanni', 'Arioli, Giovanni', 'Bianchi, Gerolamo', 'Brandi, Maria Luisa', 'Caffarelli, Carla', 'Casciaro, Sergio', 'Cavalli, Loredana', 'Cianferotti, Luisella', 'Conversano, Francesco', 'Giusti, Andrea']",2019,
JOUR,FRI0466 RISK FACTORS ASSOCIATED WITH THE DEVELOPMENT OF FRACTURES IN GLUCOCORTICOID TREATED PATIENTS. THE ROLE OF HYPOGONADISM,"['Florez, Helena', 'Hernández-Rodríguez, José', 'Muxi, Africa', 'Carrasco, Josep Lluís', 'Prieto-González, Sergio', 'Ruiz-Gaspà, Silvia', 'Cid, Maria C', 'Monegal, Ana', 'Guañabens, Núria', 'Peris, Pilar']",2019,
JOUR,FRI0474 FRACTURE RISK FOLLOWING BARIATRIC SURGERY: A SELF-CONTROLLED CASE SERIES AND RISK PREDICTION ALGORITHM,"['Robinson, Danielle E', 'Douglas, Ian', 'Tan, Garry D', 'Cooper, Cyrus', 'Delmestri, Antonella', 'Muhammad, Kassim Javaid', 'Judge, Andrew', 'Strauss, Victoria Y', 'Prieto-Alhambra, Daniel']",2019,
JOUR,FRI0475 TITLE: LUMBAR SPINE AND PROXIMAL FEMUR OSTEOPOROSIS DIAGNOSIS: REMS TECHNOLOGY IN A MULTICENTER CLINICAL STUDY,"['Adami, Giovanni', 'Arioli, Giovanni', 'Bianchi, Gerolamo', 'Brandi, Maria Luisa', 'Caffarelli, Carla', 'Cavalli, Loredana', 'Matucci-Cerinic, Marco', 'Cianferotti, Luisella', 'Conversano, Francesco', 'Paola, Marco DI']",2019,
JOUR,FRI0573 Ultrasonography and histological diagnosis concordance in patiens with suspected primary sjÖgren syndrome,"['Nogal, L Barrio', 'Bohórquez, C', 'Gómez, A Perez', 'Castelló, A', 'León, MJ', 'Pretel, P', 'de Mon, M Álvarez']",2018,
JOUR,Gestione dell'osteoporosi secondaria in corso di terapia ormonale adiuvante per carcinoma prostatico,"['GAGLIARDINI, ALESSANDRO']",2022,
JOUR,High prevalence of low bone mineral density in middle-aged adults in Shanghai: a cross-sectional study,"['Chen, Qian', 'Liu, Dan', 'Li, Xuefei', 'Li, Fangfang', 'Guo, Suxia', 'Wang, Shiyun', 'Yuan, Weina', 'Chen, Pinghua', 'Li, Pan', 'Li, Fangyu']",2024,
JOUR,Hipótese De Convergência: Uma Análisepara a América Latina e O Leste Asiático Entre 1960 e 2000,"['De Figueiredo, Lizia']",2011,
CONF,Hospital self-reported care transition capabilities and claims-based transition care management services in hospitalized Medicare beneficiaries,"['Ouayogode, Marietou', 'Hardy, Brianna', 'Austin, Andrea', 'Mullahy, John', 'Smith, Maureen', 'Meara, Ellen']",2021,
JOUR,Imaging in osteogenesis imperfecta: Where we are and where we are going,"['Gazzotti, S', 'Sassi, R', 'Gómez, MP Aparisi', 'Moroni, A', 'Brizola, E', 'Miceli, M', 'Bazzocchi, A']",2024,
CONF,Imaging of Metabolic Bone Diseases,"['Bazzocchi, Alberto', 'Guglielmi, Giuseppe']",2024,
CONF,"Imaging of metabolic bone diseases: the spine view, part I","['Bazzocchi, Alberto', 'Isaac, Amanda', 'Dalili, Danoob', 'Fotiadou, Anastasia', 'Kariki, Eleni P', 'Kirschke, Jan S', 'Krestan, Christian R', 'Messina, Carmelo', 'Oei, Edwin HG', 'Phan, Catherine M']",2022,
CHAP,Imaging of Musculoskeletal Metabolic Diseases,"['Gazzotti, Silvia', 'Sassi, Rebecca', 'Guglielmi, Riccardo', 'Aparisi Gómez, Maria Pilar', 'Bazzocchi, Alberto']",2025,
CONF,Improving early detection of Osteoporosis by bone densitometry functionalities using convolutional neural network–the systematic future for Para Athletes,"['Duraivelu, Vivek', 'Pradanya, Dakarapu Keerthi', 'Sri, Ailineni Veda', 'Vegesna, Abhinav Varma', 'Ram, Boya Sai']",2023,
JOUR,In Vivo assessment of bone quality without X-rays,"['Surowiec, Rachel K', 'Does, Mark D', 'Nyman, Jeffry S']",2024,
JOUR,Incidence and risk factors for symptomatic lumbar bone stress injury in female and male youth cricket bowlers,"['Daniels, Adam P']",2024,
JOUR,Influence of bone density on stability in TBW,"['Bischoff, Fabian R', 'Tille, Eric', 'Beyer, Franziska', 'Bota, Olimpiu', 'Biewener, Achim', 'Nowotny, Jörg']",2023,
JOUR,Intake di calcio e vitamina D con la dieta e valutazione della densitometria femorale con ultrasuoni REMS in donne in gravidanza,"['BUGHI, ERICA']",2023,
JOUR,Is chronic peripheral vestibular dysfunction associated with bone-related and fall-related indices of fracture risk in community-dwelling older adults?,"['Collier, Jayde']",2022,
JOUR,"Ivana Sagova, Marian Mokan?2, Ingrid Tonhajzerova 3, Marianna Ronc?akova and Peter Van?uga1","['Fazeli, Pouneh K', 'Störmann, Sylvère', 'Bolanowski, Marek', 'Ságová, Ivana']",2023,
JOUR,Kidney stones and metabolic bone diseases not linked to parathyroid disfunction: a proposal for an integrated management.,"['Vergatti, Anita', 'Abate, Veronica', 'Della Monica, Matteo', 'Varriale, Alfonso', 'Magelli, Simone', 'Garofano, Francesca', ""D'Elia, Lanfranco"", 'Barbato, Antonio', 'De Filippo, Gianpaolo', 'Rendina, Domenico']",2025,
JOUR,L’ottimizzazione della terapia a lungo termine nei pazienti con osteoporosi con un focus su teriparatide a livello generale e nei casi particolari,"['Viapiana, Ombretta', 'Gatti, Davide']",2023,
JOUR,LBODP055 Discrimination Effectiveness Of Radiofrequency Echographic Multispectrometry As Non Invasive Method For Osteoporosis Diagnosis Applied To Elderly Women With Type 2 Diabetes,"['Caffarelli, Carla', 'Pitinca, Maria Dea Tomai', 'Refaie, Antonella A', 'Giglio, Elisa', 'Lombardi, Fiorella Anna', 'Gonnelli, Stefano']",2022,
JOUR,LE TENDINOPATIE: IL RUOLO DEGLI INTEGRATORI E DELLA TERAPIA INFILTRATIVA CON ACIDO IALURONICO,"['Frizziero, A', 'Finotti, P']",2019,
JOUR,Literature review of radiofrequency echographic multi-spectrometry (REMS) in the diagnosis of osteoporosis and bone fragility,"['Badea, Ionut-Andrei', 'Bojinca, Mihai', 'Milicescu, Mihaela', 'Vutcanu, Oana', 'Ilina, Andreea-Ruxandra']",2022,
JOUR,Longitudinal changes of the femoral bone mineral density from first to third trimester of pregnancy: bone health assessment by means of non-ionizing REMS technology,"['Ramirez Zegarra, Ruben', 'Degennaro, Valentina', 'Brandi, Maria Luisa', 'Cagninelli, Greta', 'Casciaro, Sergio', 'Celora, Gabriella', 'Conversano, Francesco', 'Lombardi, Fiorella A', 'Pisani, Paola', 'Ghi, Tullio']",2024,
JOUR,LUIS CASTELAZO AYALA,"['EVALUADA, DENSIDAD MINERAL ÓSEA', 'REMS, CON DENSITOMETRÍA TIPO', 'ÁLVAREZ, DRA MARÍA FERNANDA MATA', 'ORTIZ, DR SERGIO ROSALES']",,
CHAP,Metabolic and Endocrine Disorders,"['Aparisi Gómez, Maria Pilar', 'Vasilevska Nikodinovska, Violeta', 'Phan, Catherine M', 'Petrera, Miriana Rosaria', 'Sabir, Nuran', 'Bazzocchi, Alberto']",2024,
GEN,Method for diagnosing osteoporosis by a method for defining the dynamics of closing cavity formations in order to assess the effectiveness of using various osteoprotectors,"['Strukov, Villorij Ivanovich', 'Jhones, Olga', 'Krutiakov, Evgenij Nikolaevich', ""Elistratov, Konstantin Gennad'evich""]",2015/08/13/,
GEN,Method of managing a weight condition in an animal,"['Toll, Philip W', 'Paetau-Robinson, Inke', 'Kirk, Claudia A']",2013/05/16/,
JOUR,Monitoring fracture risk during antiosteoporotic therapy: a retrospective cohort study,"['Nedkova, Mariya', 'Petranova, Tsvetanka', 'Karalilova, Rositsa', 'Batalov, Zguro']",2025,
JOUR,MON-LB6 Association Between Sex Steroid and Metabolic Parameters in Cord Blood With Placental Fatty Acid Transporter in Obese Pregnant Women,"['Maliqueo, Manuel', 'Álvarez, Daniela', 'Ortíz, Macarena', 'García, Madian', 'Flores, Cristian', 'Echiburú, Bárbara', 'Crisosto, Nicolás']",2020,
JOUR,Multimorbidity increases risk of osteoporosis under-diagnosis and under-treatment in patients at high fracture risk: 45 and up a prospective population based-study,"['Bliuc, Dana', 'Tran, Thach', 'Alarkawi, Dunia', 'Chen, Weiwen', 'Blank, Robert D', 'Ensrud, Kristine E', 'Blith, Fiona', 'March, Lyn', 'Center, Jacqueline']",2021,
JOUR,Multivariate analysis of risk factors for major osteoporotic fracture risk assessed with radiofrequency echographic multi spectrometry,"['Vladeva, S', 'Nikolov, N']",2022,
JOUR,"Navigating Osteoporosis: Epidemiology, Risk Factors, and the Future of Diagnosis and Therapy","['P¹, Keerthanashree RN', 'Sukumaran, Evelyn Sharon']",,
JOUR,New technology REMS for bone evaluation compared to DXA in adult women for the osteoporosis diagnosis: a real-life experience,"['Amorim, Débora Meira Ramos', 'Sakane, Eliane Naomi', 'Maeda, Sergio Setsuo', 'Lazaretti Castro, Marise']",2021,
JOUR,Next-Generation Multiparametrische Quantitative Ultraschallbildgebung des Knochens,"['Armbrecht, Gabriele', 'Wiebe, Edgar', 'Raum, Kay']",2025,
JOUR,Nuevos métodos de evaluación de la densidad y contenido mineral óseo,"['García, José Canessa']",2025,
GEN,Orthopedic Surgical Planning System with Automated Bone Density Measurement,"['Bianco, Peter T', 'Jacobs, Joshua', 'De Schepper, Jo', 'Kakar, Sanjeev']",2023/06/01/,
JOUR,Osteoporosis and bone fragility in children: Diagnostic and treatment strategies,"['Cannalire, Giuseppe', 'Biasucci, Giacomo', 'Bertolini, Lorenzo', 'Patianna, Viviana', 'Petraroli, Maddalena', 'Pilloni, Simone', 'Esposito, Susanna', 'Street, Maria Elisabeth']",2024,
JOUR,"Osteoporosis and gut microbiota, radiofrequency echographic multispectrometry and machine learning: one year in review 2023","['Maffi, Michele', 'De Mattia, Giammarco', 'Mazzantini, Maurizio']",2023,
JOUR,Osteoporosis and rheumatoid arthritis: mechanisms underlying osteoclast differentiation and activation or factors associated with hip fractures,"['Miyamoto, Takeshi']",2025,
JOUR,Osteoporosis evaluation by radiofrequency echographic multispectrometry (REMS) in primary healthcare,"['Vieira, Ana', 'Santos, Rute']",2025,
JOUR,Osteoporosis in 10 years time: a glimpse into the future of osteoporosis,"['Adami, Giovanni', 'Fassio, Angelo', 'Gatti, Davide', 'Viapiana, Ombretta', 'Benini, Camilla', 'Danila, Maria I', 'Saag, Kenneth G', 'Rossini, Maurizio']",2022,
JOUR,Osteoporosis in axial radiographic spondyloarthritis: diagnostic limitations of bone mineral density and the need for comprehensive fracture risk assessment,"['?uchowski, Pawe?', 'Dura, Marta', 'Jeka, Daniel', 'Wojciechowski, Rafa?', 'Bierwagen, Maciej', 'Ku?akowski, Micha?']",2024,
CHAP,Osteoporosis in females,"['Keen, Mansoor U', 'Barnett, Maxim J', 'Anastasopoulou, Catherine']",2025,
JOUR,Osteoporosis in Older Men: Informing Patient Management and Improving Health-Related Outcomes,"['Ruggiero, Carmelinda', 'Caffarelli, Carla', 'Calsolaro, Valeria', 'Tafaro, Laura', 'Riuzzi, Francesca', 'Bubba, Valentina', 'Napoli, Nicola', 'Ferracci, Marika', 'Mecocci, Patrizia', 'Giusti, Andrea']",2025,
JOUR,"Osteoporosis, osteoarthritis, and subchondral insufficiency fracture: recent insights","['Yokota, Shunichi', 'Ishizu, Hotaka', 'Miyazaki, Takuji', 'Takahashi, Daisuke', 'Iwasaki, Norimasa', 'Shimizu, Tomohiro']",2024,
JOUR,Osteoporoza,"['Balt?, Mihaela Daniela', 'Balt?, Andreea Cristina']",2024,
JOUR,Patologia ortopedica nelle condizioni di fragilità.,"['Mennini, F', 'Dallapiccola, B', 'Moriconi, S', 'Rota, A', 'Barbagallo, M', 'Giuastina, A', 'Laghi, A', 'Alfonso, C', 'Lotta, G', 'Maccauro, G']",2021,
JOUR,Pediatric densitometry: is the Z score adjustment necessary in all cases?,"['Magallares, Berta', 'Malouf, Jorge', 'Codes-Méndez, Helena', 'Park, Hye Sang', 'Betancourt, Jocelyn', 'Fraga, Gloria', 'Quesada-Masachs, Estefanía', 'López-Corbeto, Mireia', 'Torrent, Montserrat', 'Marín, Ana']",2025,
JOUR,Pediatric densitometry: is the Z score adjustment necessary in all cases?,"['Magallares-López, Berta', 'Codes Méndez, Helena', 'Park, Hye Sang', 'Betancourt, Jocelyn', 'Fraga Rodriguez, Gloria Mª', 'Quesada Masachs, Estefania', 'López-Corbeto, Mireia']",2025,
JOUR,Physical Performance of Geriatric Women and Its Impact on Fracture Risk and Bone Mineral Density Assessed with Radiofrequency Echographic Multispectrometry (REMS),"['Bischoff, Elena', 'Popova-Belova, Stanislava', 'Bischoff, Fabian', 'Kirilov, Nikola']",2024,
JOUR,Pore Size Distribution and Frequency Dependent Attenuation in Human Cortical Tibia Bone Discriminate Fragility Fractures in Postmenopausal Women With Low Bone Mineral Density,"['Armbrecht, Gabriele', 'Nguyen Minh, Huong', 'Massmann, Jonas', 'Raum, Kay']",2021,
JOUR,Portable bone imaging devices for screening and diagnosing osteoporosis,"['Khangura, Sara D', 'Mahood, Quenby']",2022,
JOUR,POS0164 THE NEED FOR ANTI-OSTEOPOROTIC INTERVENTION IN POSTMENOPAUSAL WOMEN WITH RHEUMATOID ARTHRITIS BASED ON THE FRACTURE RISK ASSESSMENT,"['Dobrovolskaya, O', 'Feklistov, A', 'Nikitinskaya, O', 'Efremova, A', 'Toroptsova, N']",2021,
JOUR,POS0290 3D MODELING OF HIP DUAL-ENERGY X-RAY ABSORPTIOMETRY (DXA) IN POST-MENOPAUSAL WOMEN TREATED WITH ROMOSOZUMAB,"['Adami, G', 'Fassio, A', 'Viapiana, O', 'Gatti, D', 'Rossini, M']",2024,
JOUR,POS1108 THE ACCURACY OF OSTEOPOROTIC FRACTURE RISK PREDICTION IN PATIENTS WITH RHEUMATOID ARTHRITIS USING THE PREDICTIVE MODEL DEVELOPED AT VA NASONOVA REASEARCH INSTITUTE OF RHEUMATOLOGY (RUSSIA) AND FRACTURE RISK ASSESSMENT TOOL (FRAX),"['Kozhevnikova, P', 'Kovalenko, P', 'Glukhova, S', 'Dydykina, I', 'Lila, A']",2021,
JOUR,POS1109 MULTIVARIATE ANALYSIS OF RISK FACTORS FOR REDUCED BONE MINERAL DENSITY ASSESSED WITH RADIOFREQUENCY ECHOGRAPHIC MULTI SPECTROMETRY (REMS),"['Batalov, Z', 'Nikolov, M', 'Nikolov, N']",2021,
JOUR,POS1110 RELIABILITY OF VERTEBRAL FRACTURE ASSESSMENT ON DUAL-ENERGY X-RAY ABSORPTIOMETRY,"['Yasmine, M', 'Mariem, S', 'Miladi, S', 'Fazaa, A', 'Fguiri, E', 'Souebni, L', 'Ouenniche, K', 'Kassab, S', 'Chekili, S', 'Abdelghani, K Ben']",2021,
JOUR,Precision stratified treatment of primary hyperparathyroidism (PHPT) based on multilevel emerging biomarkers,"['Zhu, Xi', 'Wang, Linghui', 'Zhao, Yanjie', 'Zhu, Lei']",,
CONF,Predictive Modeling for Osteoporosis Risk Assessment from DXA Scans,"['Varshney, Neeraj', 'Pokhariya, Hemant Singh', 'Shrivastava, Anurag', 'Shalini, N', 'Kumar, Mukesh', 'Singh, Pankaj']",2023,
JOUR,Prenatal and neonatal bone health: updated review on early identification of newborns at high risk for osteopenia,"['Perrone, Serafina', 'Caporilli, Chiara', 'Grassi, Federica', 'Ferrocino, Mandy', 'Biagi, Eleonora', 'Dell’Orto, Valentina', 'Beretta, Virginia', 'Petrolini, Chiara', 'Gambini, Lucia', 'Street, Maria Elisabeth']",2023,
CONF,Prevalence of major and minor discordance between hip and spine t scores using rems: implications for bone health assessment and patient management,"['Young, Madeleine', 'Birch, Nick']",2023,
JOUR,Program of early osteoporosis detection for the residents of Wielkopolskie voivodeship using dual-energy X-ray absorptiometry and radiofrequency echographic multi spectrometry method,"['Stanuch-Ga??zka, Aleksandra', 'Ozga-Majchrzak, Owidia', 'Lange-Szczepaniak, Bogna', 'Romanowsk, Wojciech']",2024,
JOUR,Pro-Osteogenic Effect of the Nutraceutical BlastiMin Complex® in Women with Osteoporosis or Osteopenia: An Open Intervention Clinical Trial,"['Sabatelli, Sofia', 'Scarpa, Emanuele-Salvatore', 'Giuliani, Angelica', 'Giordani, Chiara', 'Sabbatinelli, Jacopo', 'Rippo, Maria Rita', 'Cabodi, Sara', 'Petrini, Barbara', 'Balercia, Giancarlo', 'Giacchetti, Gilberta']",2024,
JOUR,Proposed practice parameters for the performance of radiofrequency echographic multispectrometry (REMS) evaluations,"['Zambito, Kimberly', 'Kushchayeva, Yevgeniya', 'Bush, Andrew', 'Pisani, Paola', 'Kushchayeva, Sergiy', 'Peters, Mary', 'Birch, Nick']",2025,
JOUR,Pulse-echo measurements of bone tissues. Techniques and clinical results at the spine and femur,"['Ciardo, Delia', 'Pisani, Paola', 'Conversano, Francesco', 'Casciaro, Sergio']",2022,
CONF,Quantitative bone assessment by radiofrequency echographic multi-spectrometry (REMS) in patients with acromegaly–a preliminary study,"['Halupczok-?y?a, Jowita', 'Rolla, Ma?gorzata', 'Jawiarczyk-Przyby?owska, Aleksandra', 'Kolackov, Katarzyna', 'Bolanowski, Marek']",2020,
CHAP,Quantitative Bone Ultrasound,"['Raum, Kay', 'Liu, Ziyuan', 'Aghamiry, Hossein S']",2024,
CONF,Quantitative musculoskeletal ultrasound,"['Gitto, Salvatore', 'Messina, Carmelo', 'Vitale, Nicoló', 'Albano, Domenico', 'Sconfienza, Luca Maria']",2020,
JOUR,Quantitative Ultrasound (QUS) in the Management of Osteoporosis,"['Hans, Didier', 'Métrailler, Antoine', 'Rodriguez, Elena Gonzalez', 'Lamy, Olivier', 'Shevroja, Enisa']",2022,
CHAP,Quantitative ultrasound (QUS) in the management of osteoporosis and assessment of fracture risk: an update,"['Hans, Didier', 'Métrailler, Antoine', 'Gonzalez Rodriguez, Elena', 'Lamy, Olivier', 'Shevroja, Enisa']",2022,
JOUR,Radiofrequency Echographic Multi Spectrometry (REMS) for the diagnosis of osteoporosis in a European multicenter clinical context,"['Cortet, Bernard', 'Dennison, Elaine', 'Diez-Perez, Adolfo', 'Locquet, Médéa', 'Muratore, Maurizio', 'Nogués, Xavier', 'Crespo, Diana Ovejero', 'Quarta, Eugenio', 'Brandi, Maria Luisa']",2021,
JOUR,Radiofrequency echographic multi spectrometry (REMS) in the diagnosis and management of osteoporosis: state of the art,"['Fuggle, Nicholas R', 'Reginster, Jean-Yves', 'Al-Daghri, Nasser', 'Bruyere, Olivier', 'Burlet, Nansa', 'Campusano, Claudia', 'Cooper, Cyrus', 'Perez, Adolfo Diez', 'Halbout, Philippe', 'Ghi, Tullio']",2024,
JOUR,Radiofrequency Echographic Multi Spectrometry (REMS) Technology for Bone Health Status Evaluation in Kidney Transplant Recipients,"['Fassio, Angelo', 'Adami, Giovanni', 'Andreola, Stefano', 'Ferraro, Pietro Manuel', 'Pisani, Paola', 'Lombardi, Fiorella Anna', 'Viapiana, Ombretta', 'Rossini, Maurizio', 'Caletti, Chiara', 'Gambaro, Giovanni']",2024,
JOUR,Radiofrequency echographic multi spectrometry (REMS): new frontiers for ultrasound use in the assessment of bone status—a current picture,"['Al Refaie, Antonella', 'Baldassini, Leonardo', 'Mondillo, Caterina', 'Giglio, Elisa', 'De Vita, Michela', 'Tomai Pitinca, Maria Dea', 'Gonnelli, Stefano', 'Caffarelli, Carla']",2023,
JOUR,Radiofrequency Echographic Multi Spectrometry—A Novel Tool in the Diagnosis of Osteoporosis and Prediction of Fragility Fractures: A Systematic Review,"['Ic?toiu, Elena', 'Vl?dulescu-Trandafir, Andreea-Iulia', 'Gro?eanu, Laura-Maria', 'Berghea, Florian', 'Cobilinschi, Claudia-Oana', 'Potcovaru, Claudia-Gabriela', 'B?l?nescu, Andra-Rodica', 'Bojinc?, Violeta-Claudia']",2025,
JOUR,Radiofrequency Echographic Multispectrometry (REMS) as a Potentially Useful Device for Assessing Lumbar Bone Mineral Density in Patients with CKD: FR-PO0247,"['Moriya, Reika Flora', 'Kazama, Junichiro James', 'Hata, Satoshi', 'Tanaka, Kenichi']",2025,
JOUR,Radiofrequency echographic multispectrometry (REMS) can overcome the effects of structural internal artifacts and evaluate bone fragility accurately,"['Ishizu, Hotaka', 'Shimizu, Tomohiro', 'Sakamoto, Yuki', 'Toyama, Fumi', 'Kitahara, Keita', 'Takayama, Hiroki', 'Miyamoto, Moritaka', 'Iwasaki, Norimasa']",2024,
JOUR,Radiofrequency echographic multispectrometry (REMS) in rare bone conditions,"['Gonnelli, Stefano', 'Caffarelli, Carla']",2024,
JOUR,Radiofrequency echographic multispectrometry (REMS): a new approach for osteoporosis diagnosis in adolescents,"['Caffarelli, Carla', 'Pitinca, Maria Dea Tomai', 'Nuti, Ranuccio', 'Gonnelli, Stefano']",2019,
JOUR,Radiofrequency echographic multispectrometry (REMS): a new option in the assessment bone status in adults with osteogenesis imperfecta,"['Caffarelli, Carla', 'Al Refaie, Antonella', 'Mondillo, Caterina', 'Versienti, Alessandro', 'Baldassini, Leonardo', 'De Vita, Michela', 'Tomai Pitinca, Maria Dea', 'Gonnelli, Stefano']",2023,
JOUR,Radiofrequency echographic multispectrometry (REMS): an innovative technique for the assessment of bone status in young women with anorexia nervosa,"['Caffarelli, Carla', 'Al Refaie, Antonella', 'De Vita, Michela', 'Tomai Pitinca, Maria Dea', 'Goracci, Arianna', 'Fagiolini, Andrea', 'Gonnelli, Stefano']",2022,
JOUR,Radiofrequency echographic multi-spectrometry and DXA for the evaluation of bone mineral density in a peritoneal dialysis setting,"['Fassio, Angelo', 'Andreola, Stefano', 'Gatti, Davide', 'Bianco, Beatrice', 'Gatti, Matteo', 'Gambaro, Giovanni', 'Rossini, Maurizio', 'Viapiana, Ombretta', 'Negrelli, Riccardo', 'Adami, Giovanni']",2023,
JOUR,Radiofrequency echographic multi-spectrometry and prolactinoma: case report,"['Shutova, AS', 'Dzeranova, LK', 'Pigarova, EA', 'Vorotnikova, S Yu', 'Buyvalenko, UV', 'Perepelova, MA', 'Kuzmin, AG']",2024,
JOUR,Radiofrequency echographic multispectrometry compared with dual X-ray absorptiometry for osteoporosis diagnosis on lumbar spine and femoral neck,"['Di Paola, M', 'Gatti, D', 'Viapiana, O', 'Cianferotti, L', 'Cavalli, Luciano', 'Caffarelli, C', 'Conversano, F', 'Quarta, E', 'Pisani, P', 'Girasole, G']",2019,
CONF,Radiofrequency echographic multi-spectrometry for bone status evaluation and fracture risk assessment,"['Pisani, Paola', 'Conversano, Francesco', 'Ciardo, Delia', 'Lombardi, Fiorella Anna', 'Franchini, Roberto', 'Casciaro, Sergio']",2021,
JOUR,"Radiofrequency echographic multi-spectrometry for the in-vivo assessment of bone strength: state of the art—outcomes of an expert consensus meeting organized by the European Society for Clinical and Economic Aspects of Osteoporosis, Osteoarthritis and Musculoskeletal Diseases (ESCEO)","['Diez-Perez, Adolfo', 'Brandi, Maria Luisa', 'Al-Daghri, Nasser', 'Branco, Jaime C', 'Bruyère, Olivier', 'Cavalli, Loredana', 'Cooper, Cyrus', 'Cortet, Bernard', 'Dawson-Hughes, Bess', 'Dimai, Hans Peter']",2019,
JOUR,Radiofrequency Echographic Multispectrometry in Diagnosing Osteoporosis in Patients with Spondylarthritis,"['Badea, Ionut-Andrei', 'Bojinc?, Mihai', 'Bojinc?, Violeta', 'Milicescu, Mihaela', 'Ghi?escu, Gabriel', 'Negoi??, Casandra', 'Ilina, Andreea-Ruxandra', 'Vulcan, M?d?lina-?tefania', 'Aram?, ?tefan Sorin']",2025,
CONF,Radiofrequency Echographic Multi-Spectrometry in the Diagnosis of Metabolic Bone Disease,"['Gifuni, Rossella', 'Montatore, Manuela', 'Guglielmi, Riccardo', 'Bazzocchi, Alberto', 'Messina, Carmelo', 'Guglielmi, Giuseppe']",2024,
JOUR,Radiofrequency echographic multispectrometry is a promising method for diagnosing osteoporosis and assessing the risk of low-energy fractures,"['Kolondaev, Aleksandr F', 'Makogon, Valentina V', 'Dobritsyna, Marina A', ""Es' kin, Nikolay A"", 'Rodionova, Svetlana S']",2025,
JOUR,Radiofrequency echographic multi-spectrometry-based measurement of bone mineral density in patients with severe motor and intellectual disability: An opportunity for patients with severe scoliosis and hip dislocation,"['Sakai, Tomoko', 'Hirao, Masanobu', 'Takashina, Yusuke', 'Kitagawa, Ryo', 'Oishi, Tsutomu']",2024,
CONF,Radiographer/radiologist education and learning in artificial intelligence (REAL-AI),"['Doherty, Geraldine', 'Mc Laughlin, Laura', 'Rainey, Clare', 'Hughes, Ciara', 'Bond, RR', 'McConnell, Jonathan', 'McFadden, Sonyia']",2023,
JOUR,Radiomics in radiology,"['Barcali, Eleonora']",2025,
JOUR,REMS technique: future perspectives in an academic hospital.,"['Caffarelli, Carla', 'Pitinca, Maria Dea Tomai', 'Francolini, Valentina', 'Alessandri, Mario', 'Gonnelli, Stefano']",2018,
JOUR,Reproducibility and accuracy of the radiofrequency echographic multi-spectrometry for femoral mineral density estimation and discriminative power of the femoral fragility score in patients with primary and disuse-related osteoporosis,"['Lalli, Piera', 'Mautino, Claudia', 'Busso, Chiara', 'Bardesono, Francesca', 'Di Monaco, Marco', 'Lippi, Lorenzo', 'Invernizzi, Marco', 'Minetto, Marco Alessandro']",2022,
JOUR,Rethinking Denosumab Discontinuation: State of the Art and Proposal of an Innovative Algorithm for Fracture Risk Management Post-Denosumab,"['Acanfora, Matteo', 'Bolamperti, Filippo Maria', 'Vassallo, Alberto', 'Tamellini, Gaia', 'Acanfora, Luca']",2025,
JOUR,SAT0454 EARLY CLINICAL EFFICACY OF ROMOSOZUMAB IN PATIENTS WITH RHEUMATOID ARTHRITIS AND PRIMARY OSTEOPOROSIS,"['Kanayama, Y', 'Sugimoto, R']",2020,
JOUR,SAT0455 RADIOFREQUENCY ECHOGRAPHIC MULTI SPECTROMETRY (REMS) FOR THE IDENTIFICATION OF FRAIL BONES,"['Adami, G', 'Arioli, G', 'Bianchi, G', 'Brandi, ML', 'Caffarelli, C', 'Cianferotti, L', 'Girasole, G', 'Gonnelli, S', 'Manfedini, M', 'Muratore, M']",2020,
JOUR,SAT0456 REAL-LIFE RISK OF FRACTURE AND TREATMENT PREVALENCE IN DRUG-INDUCED OSTEOPOROSIS IN ITALY USING A NEW ALGORITHM,"['Adami, G', 'Fassio, A', 'Giollo, A', 'Orsolini, G', 'Viapiana, O', 'Gatti, D', 'Rossini, M']",2020,
JOUR,SAT0458 THE POLYMORPHISM ON FAT MASS AND OBESITY ASSOCIATED GENE (FTO) WAS ASSOCIATED WITH LOW BONE MASS IN JAPANESE COMMUNITY DWELLING POPULATION.,"['Arima, K', 'Tamai, M', 'Nonaka, F', 'Iwamoto, N', 'Mizukami, S', 'Nishimura, T', 'Abe, Y', 'Origuchi, T', 'Aoyagi, K']",2020,
JOUR,SAT0459 EVALUATION OF THE PREVALENCE AND THE MANAGEMENT OF OSTEOPOROTIC FRACTURES IN PATIENTS HOSPITALIZED AT NANCY UNIVERSITY HOSPITAL (FRANCE) IN 2017.,"['Baccichetti, Alexandra', 'Nguyen-Thi, PL', 'Blum, A', 'Mainard, D', 'Sirveaux, F', 'Nace, L', 'Valance, A', 'Civit, T', 'Dautel, G', 'Perret-Guillaume, C']",2020,
JOUR,SAT0460 INGESTION OF LEMON JUICE MAY MODULATE BONE METABOLISM.,"['Bellone, F', 'Morabito, N', 'Pirisi, G', 'Loddo, S', 'Corsaro, R', 'Corica, F', 'Catalano, A']",2020,
JOUR,SAT0461 short-term monitoring of denosumab effect in breast cancer patients receiving aromatase inhibitors using REMS technology on lumbar spine,"['Quarta, E', 'Ciardo, D', 'Ciccarese, M', 'Conversano, F', 'Paola, M DI', 'Forcignanò, R', 'Grimaldi, A', 'Lombardi, FA', 'Muratore, M', 'Pisani, P']",2020,
JOUR,SAT0534 MAGNETIC RESONANCE IMAGING MARKERS IMPROVE THE PREDICTION MODEL FOR TOTAL KNEE REPLACEMENT OVER 13 YEARS IN OLDER ADULTS,"['Antony, Benny', 'Munugoda, Ishanka', 'Aitken, Dawn', 'Otahal, Petr', 'Lorimer, Michelle', 'Graves, Stephen', 'Martel-Pelletier, Johanne', 'Pelletier, Jean-Pierre', 'Cicuttini, Flavia', 'Jones, Graeme']",2019,
JOUR,SAT0536 DIAGNOSTIC UTILITY OF POSITRON EMISSION TOMOGRAPHY FOR THE EVALUATION OF PATIENTS WITH INFLAMMATION OF UNKNOWN ORIGIN,"['Gülbahar, Seda', 'Sati?, Hasan', 'Atas, Nuh', 'Babaoglu, Hakan', 'Karadeniz, Hazan', 'Güler, Aslihan Avanoglu', 'Akdemir, Umit Ozgur', 'Tufan, Abdurrahman', 'Goker, Berna', 'Haznedaroglu, Seminur']",2019,
JOUR,"SAT0537 The REMS technique is not affected by arthrosis artifact, which can hinder the densitometric recognition of osteoporosis","['Cavalli, Loredana', 'Lombardi, Fiorella Anna', 'Perrone, Daniele', 'Brandi, Maria Luisa']",2019,
JOUR,SAT0538 THE LEVEL OF AGREEMENT BETWEEN CLINICAL EXAMINATION AND ULTRASONOGRAPHY IN EARLY ARTHRITIS,"['Costa, Flavio', 'Brites, Luisa', 'de Freitas, João Dinis', 'Serra, Sara', 'Santiago, Mariana', 'Rovisco, João', 'Coutinho, Margarida', 'Da Silva, José Antonio P', 'Duarte, Catia']",2019,
JOUR,"Scientific Abstracts Saturday, 06 June 2020 1187","['MAY, SAT0460 INGESTION OF LEMON JUICE']",2015,
JOUR,Short-term precision and repeatability of radiofrequency echographic multi spectrometry (REMS) on lumbar spine and proximal femur: an in vivo study,"['Messina, Carmelo', 'Gitto, Salvatore', 'Colombo, Roberta', 'Fusco, Stefano', 'Guagliardo, Giada', 'Piazza, Mattia', 'Poli, Jacopo Carlo', 'Albano, Domenico', 'Sconfienza, Luca Maria']",2023,
DISS,Simulation and Optimisation of Total Knee Replacement Imaging with Positron Emission Tomography/Computed Tomography,"['Assiri, R']",2024,
CONF,SpineNet: Automated Detection and Classification of Lumbar Spine Disorders Using Multi-Orientation MRI and Deep Learning,"['Patel, Nish', 'Patel, Smit', 'Rahevar, Mrugendrasinh', 'Maheriya, Krunal', 'Yadav, Hemant', 'Mewada, Hiren']",2025,
JOUR,Strong diagnostic agreement between a novel ultrasound-based method for lumbar densitometry and dual-energy X-ray absorptiometry,"['Casciaro, Ernesto']",2013,
JOUR,SUN-LB61 Differential and Opposite Regulation of Acid Labile Subunit (ALS) Versus Insulin-Like Growth Factor I (IGF-I) by Oral Estrogens in Premenopausal Women,"['Schilbach, Katharina', 'Haenelt, Michael', 'Nicolay, Shiva Sophia', 'Schwerdt, Laura', 'Schwaiger, Rita', 'Benedix, Sarina', 'Longo Schweizer, Junia Ribeiro de Oliveira', 'Störmann, Sylvère', 'Schopohl, Jochen', 'Bidlingmaier, Martin']",2020,
JOUR,SUN-LB74 Radiofrequency Echographic Multi-Spectrometry (REMS) for the Assessment of Bone Strength and Fracture Risk Prediction,"['Ciardo, Delia', 'Conversano, Francesco', 'Pisani, Paola', 'Casciaro, Sergio']",2020,
GEN,System and method for assessing muscle function of a patient,"['Wear, James', 'Muller, Serge', 'Payne, Randall', 'Markwardt, Paul']",2019/11/26/,
JOUR,Ten tips on how to assess bone health in patients with chronic kidney disease,"['Jørgensen, Hanne Skou', 'Lloret, Maria Jesús', 'Lalayiannis, Alexander D', 'Shroff, Rukshana', 'Evenepoel, Pieter']",2024,
JOUR,The advantages of radiofrequency echographic multispectrometry in the evaluation of bone mineral density in a population with osteoarthritis at the lumbar spine,"['Caffarelli, Carla', 'Al Refaie, Antonella', 'Mondillo, Caterina', 'Manasse, Giuditta', 'Versienti, Alessandro', 'Tomai Pitinca, Maria Dea', 'Conticini, Edoardo', 'Frediani, Bruno', 'Gonnelli, Stefano']",2024,
JOUR,The assessment of the osteoporosis self-assessment tool for Asians and calcaneal quantitative ultrasound in identifying osteoporotic fractures and falls among Chinese people,"['Gao, Chao', 'Song, Huijiang', 'Chen, Bihua', 'Zhang, Zhenlin', 'Yue, Hua']",2021,
CONF,The impact of AI on radiographic image reporting–perspectives of the UK reporting radiographer population,"['Rainey, Clare', 'O’Regan, Tracy', 'Matthew, Jacqueline', 'Skelton, Emily', 'Woznitza, Nick', 'Chu, Kwun-Ye', 'Goodman, Spencer', 'McConnell, Jonathan', 'Hughes, Ciara', 'Bond, RR']",2022,
JOUR,The Impact of Zero Gravity on Human Bone Density-A Literature Review of Spaceflight Data,"['Janakiraman, Arun', 'Sathishkumar, Joshitha', 'Singh, Narendar', 'Sekar, Mohanapriya']",2025,
JOUR,The Innovative REMS Technology for Early Osteoporosis Diagnosis and Fracture Risk Prediction,"['Brandi, Maria Luisa']",2021,
JOUR,The Long-Term Impact of Preterm Birth on Metabolic Bone Profile and Bone Mineral Density in Childhood,"['Markopoulou, Panagiota', 'Doulgeraki, Artemis', 'Koutroumpa, Arsinoi', 'Polyzois, Georgios', 'Athanasopoulou, Helen', 'Kanaka-Gantenbein, Christina', 'Siahanidou, Tania']",2025,
JOUR,The Management of Bone Defects in Rett Syndrome,"['Caffarelli, Carla', 'Gonnelli, Stefano']",2025,
JOUR,The role of the fracture liaison service in the prevention of atypical femoral fractures,"['Toro, Giuseppe', 'Braile, Adriano', 'Liguori, Sara', 'Moretti, Antimo', 'Landi, Giovanni', 'Cecere, Antonio Benedetto', 'Conza, Gianluca', 'De Cicco, Annalisa', 'Tarantino, Umberto', 'Iolascon, Giovanni']",2023,
JOUR,Trabecular bone score and osteoprotegerin as useful tools in the assessment of bone deterioration in acromegaly,"['Jawiarczyk-Przyby?owska, Aleksandra', 'Halupczok-?y?a, Jowita', 'Syrycka, Joanna', 'Zembska, Agnieszka', 'Kuliczkowska-P?aksej, Justyna', 'Bolanowski, Marek']",2022,
JOUR,Trabecular bone score significantly influences treatment decisions in secondary osteoporosis,"['Al-Hashimi, Leith', 'Klotsche, Jens', 'Ohrndorf, Sarah', 'Gaber, Timo', 'Hoff, Paula']",2023,
JOUR,Transient osteoporosis of the hip in pregnancy,"['Morton, Adam', 'Savard-Heppel, Jennifer']",2024,
JOUR,Ultraschallbasierte Radiofrequency Echographic Multi-Spectrometry-Technologie in der Diagnostik der Osteoporose und der Beurteilung des Frakturrisikos,"['Kurth, Andreas A', 'Kocijan, Roland']",2025,
JOUR,Ultrasound-Based Techniques in Diabetic Bone Disease: State of the Art and Future Perspectives,"['Gonnelli, Stefano', 'Al Refaie, Antonella', 'Baldassini, Leonardo', 'De Vita, Michela', 'Caffarelli, Carla']",2022,
CONF,Using Bayesian Networks For Predicting Hypertension Risk Factors,"['Varshney, Neeraj', 'Madan, Parul', 'Michaelson, Jacob', 'Laxminarayanamma, K', 'Yadav, Vijay Kumar', 'Kumar, Navneet']",2023,
JOUR,Using Radiofrequency Echographic Multi-spectrometry in the Follow-Up of Patients With Axial Spondyloarthritis and Psoriatic Arthritis,"['Badea, Ionut-Andrei', 'Bojinca, Mihai', 'Bojinca, Violeta', 'Ilina, Andreea-Ruxandra', 'Vulcan, Madalina-Stefania', 'Arama, Stefan-Sorin']",2025,
JOUR,Utilidad de la multiespectrometría ecográfica por radiofrecuencia en el diagnóstico de la osteoporosis,"['Betancur, Juan Felipe', 'Pérez, Luz Eugenia', 'González, Verónica Bernal', 'Restrepo, José Fernando Molina']",2025,
JOUR,Utility of radiofrequency echographic multi spectrometry in the diagnosis of osteoporosis,"['Betancur, Juan Felipe', 'Pérez, Luz Eugenia', 'González, Verónica Bernal', 'Restrepo, José Fernando Molina']",2025,
JOUR,Utility of Radiofrequency Echographic Multi-spectrometry in Evaluating Bone Health in Patients With Spondylarthritis,"['Badea, Ionut-Andrei', 'Bojinca, Mihai', 'Bojinca, Violeta', 'Milicescu, Mihaela', 'Ilina, Andreea-Ruxandra', 'Vulcan, Madalina-Stefania', 'Arama, Stefan-Sorin']",2025,
JOUR,Utility of the fragility score (FS) determined through radiofrequency ecographic multi-spectrometry (REMS) in the follow-up of patients with axial spondyloarthritis (AxSpA),"['Badea, Ionu?-Andrei', 'Bojinc?, Mihai', 'Bojinc?, Violeta', 'Milicescu, Mihaela', 'Ghi?escu, Gabriel', 'Casandra, Negoi??', 'Ilina, Andreea-Ruxandra', 'Vulcan, M?d?lina-?tefania', 'Aram?, ?tefan-Sorin']",2025,
JOUR,Utilizing QUS envelope statistics imaging to predict the risk of vertebral fractures in postmenopausal women,"['Wang, Chiao-Yin', 'Lin, Yu-Ching', 'Tang, Ya-Chun', 'Tsui, Po-Hsiang']",2025,
JOUR,Variazioni dei parametri metabolici e densitometrici della microarchitettura ossea nella terapia antiriassorbitiva in corso di osteoporosi secondaria a trapianto renale,"['RAMPINO, ILARIA']",2021,
JOUR,Vertebral fractures in patients with CKD and the general population: a call for diagnosis and action,"['Gifre, Laia', 'Massó, Elisabet', 'Fusaro, Maria', 'Haarhaus, Mathias', 'Ureña, Pablo', 'Cozzolino, Mario', 'Mazzaferro, Sandro', 'Calabia, Jordi', 'Peris, Pilar', 'Bover, Jordi']",2024,
JOUR,Vertebral fragility fractures as the first manifestations of Axial Spondyloarthritis.,"['Badea, Ionut-Andrei', 'Bojinca, Mihai', 'Bojinca, Violeta', 'Ilina, Andreea-Ruxandra']",2025,
JOUR,Vitamin D and calcium levels related to bone mineral density during pregnancy and postpartum,"['Wojczakowski, Wiktor', 'Futyma, Konrad']",2025,
JOUR,"World Congress on Osteoporosis, Osteoarthritis and Musculoskeletal Diseases (WCO-IOF-ESCEO 2018): Non-Sponsored Symposia Abstracts","['STORY, OFANOLD']",2018,
